{
  "observation.state": {
    "mean": [
      1884.8057861328125,
      1780.1011962890625,
      2249.310546875,
      2866.6455078125,
      3274.15771484375,
      2203.68896484375,
      1747.8095703125,
      1229.0150146484375,
      2475.633544921875,
      2753.7841796875,
      2015.595703125,
      1677.4306640625
    ],
    "std": [
      66.30966186523438,
      239.4176483154297,
      228.02374267578125,
      168.2135467529297,
      58.07792663574219,
      231.92562866210938,
      95.21487426757812,
      297.3413391113281,
      241.71908569335938,
      278.92608642578125,
      81.29141998291016,
      225.38720703125
    ],
    "min": [
      1700.0,
      1224.0,
      1490.0,
      2518.0,
      3144.0,
      1980.0,
      1561.0,
      766.0,
      1564.0,
      2348.0,
      1880.0,
      1448.0
    ],
    "max": [
      2076.0,
      2335.0,
      2863.0,
      3192.0,
      3590.0,
      2845.0,
      1951.0,
      1773.0,
      2892.0,
      3316.0,
      2100.0,
      2327.0
    ]
  },
  "action": {
    "mean": [
      1884.8524169921875,
      1780.3040771484375,
      2249.119873046875,
      2866.649169921875,
      3274.303466796875,
      2203.45263671875,
      1747.6881103515625,
      1229.163818359375,
      2475.62548828125,
      2753.96630859375,
      2015.5589599609375,
      1677.4129638671875
    ],
    "std": [
      66.29228973388672,
      239.1670684814453,
      228.12759399414062,
      168.2320098876953,
      58.251991271972656,
      231.8831024169922,
      95.18633270263672,
      297.1671142578125,
      241.8566131591797,
      279.1446838378906,
      81.30317687988281,
      225.38153076171875
    ],
    "min": [
      1700.0,
      1224.0,
      1490.0,
      2518.0,
      3144.0,
      1980.0,
      1561.0,
      766.0,
      1564.0,
      2348.0,
      1880.0,
      1448.0
    ],
    "max": [
      2076.0,
      2335.0,
      2863.0,
      3192.0,
      3590.0,
      2845.0,
      1951.0,
      1773.0,
      2892.0,
      3316.0,
      2100.0,
      2327.0
    ]
  },
  "observation.images.cam0": {
    "mean": [
      0.5,
      0.5,
      0.5
    ],
    "std": [
      0.5,
      0.5,
      0.5
    ],
    "min": [
      0.0,
      0.0,
      0.0
    ],
    "max": [
      1.0,
      1.0,
      1.0
    ]
  },
  "observation.images.cam1": {
    "mean": [
      0.5,
      0.5,
      0.5
    ],
    "std": [
      0.5,
      0.5,
      0.5
    ],
    "min": [
      0.0,
      0.0,
      0.0
    ],
    "max": [
      1.0,
      1.0,
      1.0
    ]
  }
}